Jméno,Plat,Odhad daně
Ivan Kozlov,115000.00,17250.0
Lucia Ferrari,127000.00,19050.0
Alfredo Riddle,110250.00,16537.5
Ryota Takeuchi,125000.00,18750.0
Momoko Aoyama,140000.00,21000.0
Yusuke Maeda,140000.00,21000.0
Rika Yoshimura,140000.00,21000.0
Naoki Matsumoto,90000.00,13500.0
Ayumi Hasegawa,104738.00,15710.699999999999
Koji Oyama,117369.00,17605.35
Saki Ueda,104738.00,15710.699999999999
Hideo Kurosawa,110250.00,16537.5
Tetsuya Miyake,110000.00,16500.0
Nozomi Uchida,160000.00,24000.0
Eiji Kojima,150000.00,22500.0
Megumi Kaneko,110000.00,16500.0
Jun Nakano,155000.00,23250.0
Kaori Ishii,145000.00,21750.0
Yuji Nishimura,149000.00,22350.0
Chihiro Arai,110250.00,16537.5
Shota Endo,125000.00,18750.0
Tomoko Shibata,120000.00,18000.0
Masaki Ishida,110000.00,16500.0
Ayako Yamashita,110250.00,16537.5
Stefano Russo,126250.00,18937.5
Elena Núñez,140000.00,21000.0
Haruna Murakami,130000.00,19500.0
Hirofumi Matsushita,110000.00,16500.0
Mizuki Takagi,148000.00,22200.0
Ryuji Okada,104738.00,15710.699999999999
Asami Kuroda,160000.00,24000.0
Kazuya Ogawa,115000.00,17250.0
Mao Hayakawa,110250.00,16537.5
Hiroyuki Nakamura,140000.00,21000.0
Nana Hamada,150000.00,22500.0
Shoichi Hirano,140000.00,21000.0
Kotomi Nishida,145000.00,21750.0
Tsutomu Yoshioka,110250.00,16537.5
Saori Kondo,120000.00,18000.0
Yuichi Fujimoto,115000.00,17250.0
Miho Ozawa,155000.00,23250.0
Takeru Nagata,110000.00,16500.0
Reiko Kubo,145000.00,21750.0
Shin Kitamura,98842.00,14826.3
Sayaka Okumura,130000.00,19500.0
Yoshio Iwamoto,140000.00,21000.0
Eri Yamamoto,110250.00,16537.5
Masahiro Kitagawa,110000.00,16500.0
Kayo Furuya,155000.00,23250.0
Isamu Ishikawa,140000.00,21000.0
Junko Horikawa,127000.00,19050.0
Keisuke Yasuda,140000.00,21000.0
Shiori Igarashi,145000.00,21750.0
Tomohiro Miura,115000.00,17250.0
Kanako Onishi,110250.00,16537.5
Fumio Matsuoka,104738.00,15710.699999999999
Chika Hamaguchi,155000.00,23250.0
Osamu Ishihara,140000.00,21000.0
Noriko Yokoyama,110000.00,16500.0
Kumiko Sugimoto,110250.00,16537.5
Takato Shiratori,155000.00,23250.0
Kana Hirayama,110250.00,16537.5
Toshiaki Yamada,132000.00,19800.0
Ayane Mizutani,110000.00,16500.0
Takeo Eguchi,140000.00,21000.0
Aki Koike,104738.00,15710.699999999999
Kenta Otsuka,140000.00,21000.0
Mariko Katagiri,123947.00,18592.05
Yoshihiro Shimada,115000.00,17250.0
Remi Kurihara,145000.00,21750.0
Kentaro Sekiguchi,140000.00,21000.0
Shizuka Morita,110250.00,16537.5
Makoto Takenaka,140000.00,21000.0
Izumi Tsuji,110000.00,16500.0
Shigeru Kawano,150000.00,22500.0
Yoshiko Ono,145000.00,21750.0
Takayuki Kuroki,130000.00,19500.0
Yoko Takemoto,152000.00,22800.0
Kosuke Koyama,120000.00,18000.0
Yoshiro Fukuda,130000.00,19500.0
Chinatsu Masuda,155000.00,23250.0
Masaru Miyamoto,110000.00,16500.0
Mamiko Ibuki,110250.00,16537.5
Ryoichi Tamaki,101053.00,15157.949999999999
Shino Yamaoka,110000.00,16500.0
Teruo Noguchi,115000.00,17250.0
Masami Fujii,110250.00,16537.5
Shunsuke Ota,140000.00,21000.0
Sumiko Ishimoto,139000.00,20850.0
Tatsuhiro Hayakawa,140000.00,21000.0
Rieko Kadowaki,110000.00,16500.0
Kazuma Iida,140000.00,21000.0
Misato Hara,130000.00,19500.0
Takashi Murayama,110000.00,16500.0
Naomi Nakatsuka,110250.00,16537.5
Susumu Kimoto,140000.00,21000.0
Kiyomi Takahashi,115000.00,17250.0
Hiroki Kawai,155000.00,23250.0
Ayame Yoshimoto,156500.00,23475.0
Tadao Kawahara,110000.00,16500.0
Mami Yamanaka,145000.00,21750.0
Shinya Matsunaga,140000.00,21000.0
Megumi Sano,120000.00,18000.0
Akihiko Inoue,125000.00,18750.0
Tomoe Matsuo,155000.00,23250.0
Kazuhiko Mikami,140000.00,21000.0
Etsuko Ozaki,110250.00,16537.5
Yasushi Nagasawa,135000.00,20250.0
Yoko Tadokoro,137500.00,20625.0
Takuma Kusano,160000.00,24000.0
Keiko Sakaguchi,140000.00,21000.0
Satoru Yamazaki,110000.00,16500.0
Mihoko Ohno,110250.00,16537.5
Katsuya Fujimaki,106579.00,15986.849999999999
Aya Kitano,115000.00,17250.0
Norio Nakagawa,140000.00,21000.0
Minako Tsuchiya,140000.00,21000.0
Junya Kono,155000.00,23250.0
Ai Asai,123750.00,18562.5
Yuya Iwasaki,110000.00,16500.0
Wakana Kaneda,110250.00,16537.5
Shuhei Matsuura,140000.00,21000.0
Yukari Mizuno,145000.00,21750.0
Kengo Hattori,147000.00,22050.0
Rika Miyawaki,115000.00,17250.0
Katsumi Yokota,110000.00,16500.0
Emi Matsuda,110250.00,16537.5
Seiji Kohara,140000.00,21000.0
Eriko Tashiro,133750.00,20062.5
Yoshifumi Uchiyama,140000.00,21000.0
Reina Tsuda,110000.00,16500.0
Hideaki Maeno,140000.00,21000.0
Chie Oshima,110250.00,16537.5
Taichi Mori,116000.00,17400.0
Sachiko Yamashiro,110000.00,16500.0
Hajime Sugawara,140000.00,21000.0
Harumi Ichikawa,160000.00,24000.0
Tadashi Kawagoe,115000.00,17250.0
Nanako Takahashi,125500.00,18825.0
Takashi Kasai,110000.00,16500.0
Shizuka Kakutani,140000.00,21000.0
Koji Takata,110000.00,16500.0
Erina Shirai,160000.00,24000.0
Fumihiko Nomaguchi,129000.00,19350.0
Azusa Yamagishi,110250.00,16537.5
Yasunori Kurokawa,140000.00,21000.0
Junko Nozaki,155000.00,23250.0
Naoya Sonoda,110000.00,16500.0
Kimiko Kuramoto,117895.00,17684.25
Tamotsu Himuro,140000.00,21000.0
Rumiko Kishida,110250.00,16537.5
Tomoaki Tajima,115000.00,17250.0
Kazuko Fukushima,145000.00,21750.0
Yutaka Takamiya,137000.00,20550.0
Setsuko Tsutsui,110000.00,16500.0
Takanori Yasui,140000.00,21000.0
Yoriko Kawashima,120000.00,18000.0
Masanobu Okazaki,110250.00,16537.5
Akiko Uno,149000.00,22350.0
Takeo Nakayama,140000.00,21000.0
Misuzu Hiraoka,130000.00,19500.0
Hayato Shimizu,110000.00,16500.0
Takako Kinoshita,110250.00,16537.5
Yosuke Uehara,138000.00,20700.0
Kyoko Takemura,115000.00,17250.0
Hisashi Kondou,140000.00,21000.0
Mikiko Ikegami,140000.00,21000.0
Kazuki Shigeta,110000.00,16500.0
Asako Ogawa,108871.00,16330.65
Toshiyuki Kitamori,160000.00,24000.0
Machiko Sugiura,140000.00,21000.0
Takumi Okuno,145000.00,21750.0
Michiko Hayashi,110000.00,16500.0
Seiichi Fujimori,100316.00,15047.4
Kayo Kawamoto,110250.00,16537.5
Yoshinori Ikeda,140000.00,21000.0
Naoko Koyanagi,155000.00,23250.0
Takuji Nakahara,115000.00,17250.0
Hiroko Morikawa,130000.00,19500.0
Masaki Uematsu,110000.00,16500.0
Rie Yamanaka,140000.00,21000.0
Shinnosuke Kojima,155000.00,23250.0
Tomiko Shimada,110250.00,16537.5
Takafumi Yoshida,135500.00,20325.0
Keiko Inomata,110000.00,16500.0
Katsuya Wada,140000.00,21000.0
Michiko Hayama,115000.00,17250.0
Ryo Ninomiya,115000.00,17250.0
Chika Kurosaki,141000.00,21150.0
Toshihiro Miki,110250.00,16537.5
Yuko Anzai,110000.00,16500.0
Kosuke Harada,140000.00,21000.0
Fumiko Minami,140000.00,21000.0
Daiki Fukuyama,147500.00,22125.0
Shizuka Mizuno,145000.00,21750.0
Makoto Sakurai,110250.00,16537.5
Haruka Niwa,140000.00,21000.0
Takayuki Nagata,115000.00,17250.0
Megumi Komatsu,106579.00,15986.849999999999
Kazuhito Tsukada,160000.00,24000.0
Rumi Ishii,140000.00,21000.0
Nobuo Yanagisawa,135000.00,20250.0
Setsuko Kawamata,110000.00,16500.0
John Smith,137000.00,20550.0
Sarah Johnson,110250.00,16537.5
Michael Williams,140000.00,21000.0
Emily Brown,155000.00,23250.0
David Jones,110000.00,16500.0
Jennifer Miller,134500.00,20175.0
Robert Davis,115000.00,17250.0
Lisa Wilson,140000.00,21000.0
James Taylor,110250.00,16537.5
Amanda Thomas,110000.00,16500.0
Daniel Anderson,149000.00,22350.0
Jessica Martinez,120000.00,18000.0
Brandon Powell,140000.00,21000.0
Kelly Bennett,110250.00,16537.5
Jacob Hughes,145000.00,21750.0
Elizabeth Carter,140000.00,21000.0
Tyler Reed,123421.00,18513.149999999998
Rebecca Foster,140000.00,21000.0
Zachary Cook,115000.00,17250.0
Danielle Sanders,120000.00,18000.0
Gregory Gray,110250.00,16537.5
Katherine Price,124000.00,18600.0
Dustin Barnes,140000.00,21000.0
Brittany Ross,155000.00,23250.0
Logan Kelly,110000.00,16500.0
Amber Henderson,110250.00,16537.5
Eric Coleman,153000.00,22950.0
Olivia Perry,140000.00,21000.0
Kyle Morris,140000.00,21000.0
Tiffany Jenkins,115000.00,17250.0
Cody West,110000.00,16500.0
Hannah Long,115790.00,17368.5
Sean Butler,110250.00,16537.5
Victoria Bryant,140000.00,21000.0
Mitchell Bell,145000.00,21750.0
Natalie Rivera,110000.00,16500.0
Travis Watson,149000.00,22350.0
Haley Brooks,110250.00,16537.5
Drew Stevens,110000.00,16500.0
Kristen Mills,110250.00,16537.5
Tanner Woods,135500.00,20325.0
Paige Graham,140000.00,21000.0
Garrett Sullivan,145000.00,21750.0
Shelby Owens,115000.00,17250.0
Christopher Harris,140000.00,21000.0
Stephanie Jackson,140000.00,21000.0
Matthew Thompson,115000.00,17250.0
Kevin Walker,155000.00,23250.0
Christina Hall,113812.00,17071.8
Patrick Allen,140000.00,21000.0
Michelle Young,135000.00,20250.0
Timothy King,110000.00,16500.0
Lauren Scott,140000.00,21000.0
Jason Robinson,106842.00,16026.3
Kimberly Wright,110250.00,16537.5
Ryan Baker,140000.00,21000.0
Heather Mitchell,115000.00,17250.0
Justin Collins,110000.00,16500.0
Amy Nelson,140500.00,21075.0
Cameron Spencer,110000.00,16500.0
Brooke Hart,136000.00,20400.0
Clayton Fuller,140000.00,21000.0
Cassandra Hawkins,110250.00,16537.5
Brady Franklin,145000.00,21750.0
Taylor Pierce,140000.00,21000.0
Devin Henry,127500.00,19125.0
Alexis Lane,140000.00,21000.0
Spencer Gibson,115000.00,17250.0
Whitney Arnold,110250.00,16537.5
Chase Wheeler,160000.00,24000.0
Miranda Ellis,117000.00,17550.0
Casey Black,110000.00,16500.0
Courtney Simmons,140000.00,21000.0
Hunter Harper,110250.00,16537.5
Brianna Ford,155000.00,23250.0
Brett Elliott,118553.00,17782.95
Caitlin Ramos,110000.00,16500.0
Marcus Hunt,140000.00,21000.0
Carrie Weaver,115000.00,17250.0
Austin Nichols,110250.00,16537.5
Jillian Fernandez,142000.00,21300.0
Seth Grant,140000.00,21000.0
Sydney Harrison,140000.00,21000.0
Lucas Fleming,110000.00,16500.0
Samantha Webster,145000.00,21750.0
Bradley Richardson,140000.00,21000.0
Sierra Cox,115000.00,17250.0
Blake Howard,140000.00,21000.0
Corey Dixon,115000.00,17250.0
Julie Gordon,101053.00,15157.949999999999
Trevor Warren,140000.00,21000.0
Shannon Burns,155000.00,23250.0
Cole Ferguson,124750.00,18712.5
Tara Leonard,110250.00,16537.5
Evan Lawrence,140000.00,21000.0
Alyssa Welch,155000.00,23250.0
Ian Daniel,115000.00,17250.0
Luke Higgins,155000.00,23250.0
Marissa Parks,136250.00,20437.5
Dylan Rhodes,140000.00,21000.0
Holly Berry,145000.00,21750.0
Cory Nash,110000.00,16500.0
Wesley Sparks,130000.00,19500.0
April Mathews,160000.00,24000.0
Keith Day,116500.00,17475.0
Morgan Bowers,140000.00,21000.0
Brendan Sanchez,155000.00,23250.0
Amber Frazier,110250.00,16537.5
Ross Pratt,115000.00,17250.0
Morgan Goodwin,123421.00,18513.149999999998
Malcolm Hoover,140000.00,21000.0
Audrey Velasquez,130000.00,19500.0
Oscar Douglas,140000.00,21000.0
Vanessa Hurley,110250.00,16537.5
Lane Acosta,132000.00,19800.0
Carmen Benson,110000.00,16500.0
Damon Hodges,140000.00,21000.0
Jacqueline Carson,110250.00,16537.5
Ethan Mcgee,115000.00,17250.0
Crystal Jimenez,153000.00,22950.0
Johnathan Osborne,140000.00,21000.0
Katelyn Bean,155000.00,23250.0
Nicholas Norris,110000.00,16500.0
Erin Davila,110250.00,16537.5
Tristan Sheppard,136250.00,20437.5
Britney Fischer,140000.00,21000.0
Dominic Saunders,145000.00,21750.0
Colleen Ware,115000.00,17250.0
Mathew Odom,110000.00,16500.0
Jermaine Stone,110250.00,16537.5
Patricia Lambert,133750.00,20062.5
Orlando Hubbard,140000.00,21000.0
Grace Newton,155000.00,23250.0
Craig Harmon,110000.00,16500.0
Chloe Robbins,110250.00,16537.5
Xavier Larson,147000.00,22050.0
Autumn Tyler,115000.00,17250.0
Bryce Flowers,140000.00,21000.0
Lindsey Webster,140000.00,21000.0
Max Brady,110000.00,16500.0
Katie Chambers,121316.00,18197.399999999998
Joel McDaniel,140000.00,21000.0
Leah Clayton,110250.00,16537.5
Diana Boone,110250.00,16537.5
Colby Rowe,129000.00,19350.0
Katrina Riley,140000.00,21000.0
Tyson Thornton,140000.00,21000.0
Candace Mack,115000.00,17250.0
Dallas Michael,110000.00,16500.0
Monica Christensen,145000.00,21750.0
Jack Phelps,140000.00,21000.0
Bianca Hoffman,145000.00,21750.0
Darrell Carpenter,140000.00,21000.0
Lucy Lambert,110250.00,16537.5
Marco Weber,106842.00,16026.3
Stacy Brock,140000.00,21000.0
Julian Herrera,155000.00,23250.0
Veronica Cross,115000.00,17250.0
Troy McCoy,160000.00,24000.0
Priscilla Berg,117500.00,17625.0
Brent Mejia,140000.00,21000.0
Hope Stokes,110250.00,16537.5
Colin Duke,110000.00,16500.0
Brandy Bowen,115000.00,17250.0
Scott Duffy,137000.00,20550.0
Desiree Barron,140000.00,21000.0
Kendall Olsen,135000.00,20250.0
Martha Pace,110250.00,16537.5
Calvin Wilcox,110000.00,16500.0
Stuart Holland,140000.00,21000.0
Krystal Briggs,125000.00,18750.0
Orlando Ellis,140000.00,21000.0
Janet Curtis,155000.00,23250.0
Elijah Floyd,115000.00,17250.0
Kelsey Barber,110250.00,16537.5
Trenton Walton,156000.00,23400.0
Melody Franco,140000.00,21000.0
Kirk Francis,135000.00,20250.0
Chester Dawson,110250.00,16537.5
Tabitha Petty,128000.00,19200.0
Eddie Glenn,140000.00,21000.0
Brenda Poole,124750.00,18712.5
Tony Bradford,140000.00,21000.0
Leslie Maynard,110250.00,16537.5
Shaun Stevenson,135000.00,20250.0
Elena Jordan,155000.00,23250.0
Preston Hensley,146250.00,21937.5
Gloria Holloway,110000.00,16500.0
Darren McCormick,140000.00,21000.0
Ashlyn Davis,115000.00,17250.0
Griffin Vincent,110250.00,16537.5
Felicia Dyer,140000.00,21000.0
Felix Page,115000.00,17250.0
Natasha Casey,110000.00,16500.0
Nicolas Willis,104737.00,15710.55
Regina Mullen,140000.00,21000.0
Antonio Hendricks,160000.00,24000.0
Wendy Rich,140000.00,21000.0
Clarence Jacobs,110000.00,16500.0
Juanita Reid,132000.00,19800.0
Mario Barrett,140000.00,21000.0
Cara Santos,155000.00,23250.0
Ralph Carpenter,115000.00,17250.0
Donna Mueller,110250.00,16537.5
Roman Fox,125500.00,18825.0
Tamara Gillespie,140000.00,21000.0
Levi Velez,110000.00,16500.0
Susan Frederick,135000.00,20250.0
Randall Murillo,110250.00,16537.5
Robyn Schwartz,99579.00,14936.849999999999
Victor Luna,140000.00,21000.0
Beth Jacobson,155000.00,23250.0
Gilbert O\Connor,115000.00,17250.0
Yvette Cantu,110000.00,16500.0
Hans Müller,117000.00,17550.0
Anna Schmidt,140000.00,21000.0
Thomas Fischer,110250.00,16537.5
Sabine Weber,110000.00,16500.0
Klaus Schneider,140000.00,21000.0
Monika Wagner,132000.00,19800.0
Wolfgang Becker,140000.00,21000.0
Ursula Hoffmann,115000.00,17250.0
Dieter Schulz,110250.00,16537.5
Helga Meyer,155000.00,23250.0
Werner Koch,142500.00,21375.0
Ingrid Bauer,140000.00,21000.0
Heinrich Wolf,160000.00,24000.0
Stacey Christian,140000.00,21000.0
Roy McKenzie,110250.00,16537.5
Joanne Delgado,145000.00,21750.0
Kenny Hampton,155000.00,23250.0
Deanna Munoz,136250.00,20437.5
Jarrod Underwood,110000.00,16500.0
Misty Kerr,140000.00,21000.0
Vernon Hurley,115000.00,17250.0
Georgia Silva,110250.00,16537.5
Chance Woodard,128750.00,19312.5
Gisela Richter,110000.00,16500.0
Otto Klein,110250.00,16537.5
Hildegard Schröder,127500.00,19125.0
Manfred Neumann,140000.00,21000.0
Karin Scholz,140000.00,21000.0
Rudolf Graf,115000.00,17250.0
Brigitte Arnold,110250.00,16537.5
Friedrich Schumacher,104737.00,15710.55
Margarete Hoffmann,140000.00,21000.0
Wilhelm Schuster,135000.00,20250.0
Gertrud Zimmermann,140000.00,21000.0
Bernhard Schmitz,110000.00,16500.0
Günter Schmidt,110250.00,16537.5
Hannelore Beck,124000.00,18600.0
Heinz Winter,140000.00,21000.0
Christa Schäfer,155000.00,23250.0
Jörg Ziegler,115000.00,17250.0
Elfriede Sommer,110000.00,16500.0
Peter Berger,138750.00,20812.5
Ursel Bergmann,140000.00,21000.0
Dieter Keller,110250.00,16537.5
Rita Brandt,145000.00,21750.0
Helmut Busch,140000.00,21000.0
Gisela Frank,132000.00,19800.0
Bernd Kaiser,140000.00,21000.0
Doris Herzog,115000.00,17250.0
Norbert Böhm,110000.00,16500.0
Helene Schreiber,110250.00,16537.5
Jürgen Franke,106579.00,15986.849999999999
Elisabeth Voigt,140000.00,21000.0
Josef Albrecht,135000.00,20250.0
Hildegard Hoppe,155000.00,23250.0
Rudolf Simon,110250.00,16537.5
Irmgard Schuster,133000.00,19950.0
Gerhard Ludwig,140000.00,21000.0
Inge Schwarz,140000.00,21000.0
Jürgen Zimmermann,115000.00,17250.0
Erika Braun,110000.00,16500.0
Gerhard Krause,146500.00,21975.0
Renate König,140000.00,21000.0
Walter Huber,110250.00,16537.5
Lieselotte Fuchs,145000.00,21750.0
Harald Peters,155000.00,23250.0
Anneliese Lang,126000.00,18900.0
Günther Martin,110000.00,16500.0
Susanne Böttcher,140000.00,21000.0
Siegfried Schubert,115000.00,17250.0
Edith Barth,110000.00,16500.0
Franz Kraus,162500.00,24375.0
Brunhilde Heinze,140000.00,21000.0
Sigrid Haase,140000.00,21000.0
Ferdinand Sauer,145000.00,21750.0
Edeltraud Gruber,140000.00,21000.0
Hugo Seifert,110000.00,16500.0
Waltraud Vogt,128250.00,19237.5
Manfred Horn,140000.00,21000.0
Elfriede Stahl,140000.00,21000.0
Rudi Schiller,115000.00,17250.0
Gerda Schindler,110000.00,16500.0
Ludwig Ernst,150000.00,22500.0
Käthe Baumann,140000.00,21000.0
Helmut Schreiner,110250.00,16537.5
Gisela Reichert,160000.00,24000.0
Klaus-Dieter Baier,155000.00,23250.0
Karin Förster,126250.00,18937.5
Kurt Fischer,140000.00,21000.0
Marlies Winkler,115000.00,17250.0
Joachim Berger,110000.00,16500.0
Charlotte Schramm,110250.00,16537.5
Theodor Siebert,137500.00,20625.0
Rita Wirth,140000.00,21000.0
Herbert Kuhn,145000.00,21750.0
Claudia Jahn,140000.00,21000.0
Karl Heinz Seiler,110250.00,16537.5
Erna Friedrichs,116000.00,17400.0
Friedrich Wilhelm Fröhlich,110000.00,16500.0
Inge Becker,140000.00,21000.0
Heinz-Günter Benz,115000.00,17250.0
Gudrun Haag,110250.00,16537.5
Bernd Vogler,104737.00,15710.55
Maria Luise Krebs,140000.00,21000.0
Kurt Haas,110250.00,16537.5
Johanna Kühn,160000.00,24000.0
Alfred Scholz,155000.00,23250.0
Ilse Seidel,124000.00,18600.0
Reinhard Vogel,110000.00,16500.0
Annemarie Fiedler,140000.00,21000.0
Erwin Rieger,115000.00,17250.0
Elke Jäger,110250.00,16537.5
Eberhard Otto,149000.00,22350.0
Lieselotte Menzel,155000.00,23250.0
Reinhold Lorenz,110000.00,16500.0
Gertrud Küster,136000.00,20400.0
Axel Möller,140000.00,21000.0
Marianne Lenz,140000.00,21000.0
Paul Kolb,115000.00,17250.0
Rolf Engel,115000.00,17250.0
Elfriede Hartmann,110250.00,16537.5
Bernhard Beier,100316.00,15047.4
Hermann Stein,110000.00,16500.0
Hannelore Schröter,135000.00,20250.0
Rudolf Sander,110250.00,16537.5
Erika Bauer,128250.00,19237.5
Willi Bock,140000.00,21000.0
Ursula Schmitt,140000.00,21000.0
Heinz-Peter Schmidt,115000.00,17250.0
Waltraud Langer,110000.00,16500.0
Werner Fischer,150000.00,22500.0
Brigitte Kühn,140000.00,21000.0
Gerd Schaefer,110250.00,16537.5
Karin Wolf,160000.00,24000.0
Detlef Huber,155000.00,23250.0
Heike Lindner,126250.00,18937.5
Manfred Bergmann,140000.00,21000.0
Christa Kramer,115000.00,17250.0
Jürgen Geiger,110000.00,16500.0
Elke Eckert,110250.00,16537.5
Richard Schumann,137500.00,20625.0
Ingrid Hess,140000.00,21000.0
Horst Reich,145000.00,21750.0
Martha Urban,140000.00,21000.0
Alfred Scholze,110250.00,16537.5
Margot Zimmermann,116000.00,17400.0
Otto Braun,110000.00,16500.0
Anita Ahrens,140000.00,21000.0
Heinrich Weiß,115000.00,17250.0
Renate Lang,110250.00,16537.5
Winfried Schwarz,104737.00,15710.55
Helga Decker,110250.00,16537.5
Rainer Fuhrmann,153000.00,22950.0
Ingeborg Schuster,110000.00,16500.0
Edgar Unger,110250.00,16537.5
Barbara Hahn,160000.00,24000.0
Leo Weber,155000.00,23250.0
Elisabeth Schumann,127500.00,19125.0
Hubert Schulte,140000.00,21000.0
Ingrid Möller,155000.00,23250.0
Ruth Krause,140000.00,21000.0
Wilhelm Wittmann,135000.00,20250.0
Heidemarie Neubauer,155000.00,23250.0
Gustav Voss,155000.00,23250.0
Regina Lutz,127000.00,19050.0
Michael Arnold,140000.00,21000.0
Heinz-Dieter Becker,140000.00,21000.0
Brigitte Peters,155000.00,23250.0
Reinhold Krämer,115000.00,17250.0
Ute Ziegler,110250.00,16537.5
Jan Novák,100316.00,15047.4
Marie Svobodová,140000.00,21000.0
Jiří Dvořák,110000.00,16500.0
Kateřina Novotná,135000.00,20250.0
Tomáš Černý,110250.00,16537.5
Lucie Veselá,128250.00,19237.5
Petr Horák,140000.00,21000.0
Eva Kučerová,140000.00,21000.0
Michal Pospíšil,115000.00,17250.0
Jana Marková,110000.00,16500.0
Václav Hájek,150000.00,22500.0
Petra Procházková,140000.00,21000.0
Josef Beneš,110250.00,16537.5
Hana Matoušová,160000.00,24000.0
Martin Bartoš,155000.00,23250.0
Lenka Růžičková,126250.00,18937.5
Pavel Kolář,140000.00,21000.0
Alena Vlčková,115000.00,17250.0
Jakub Soukup,110000.00,16500.0
Michaela Králová,110250.00,16537.5
Milan Kratochvíl,149000.00,22350.0
Veronika Sedláčková,140000.00,21000.0
Roman Šimek,110000.00,16500.0
Radek Konečný,110000.00,16500.0
Tereza Horáková,135000.00,20250.0
Lukáš Holub,110250.00,16537.5
Simona Krejčová,128250.00,19237.5
Ondřej Malý,140000.00,21000.0
Irene Koch,115000.00,17250.0
Gerhard Kopp,110000.00,16500.0
Hannelore Becker,110250.00,16537.5
Reinhard Metz,149000.00,22350.0
Marlene Hammer,140000.00,21000.0
Dieter Hofmann,110000.00,16500.0
Heide Schulze,115000.00,17250.0
Jürgen Herzog,110250.00,16537.5
Margit Böhme,127500.00,19125.0
Markéta Poláková,140000.00,21000.0
David Čermák,115000.00,17250.0
Nikola Jelínková,110000.00,16500.0
Filip Bureš,150000.00,22500.0
Adéla Králová,140000.00,21000.0
Richard Sedlák,137500.00,20625.0
Denisa Marková,140000.00,21000.0
Barbora Kašparová,140000.00,21000.0
Daniel Kopecký,110250.00,16537.5
Veronika Čechová,116000.00,17400.0
Karel Štěpánek,110000.00,16500.0
Klára Kolářová,140000.00,21000.0
Lubomír Šťastný,115000.00,17250.0
Vendula Tomanová,110250.00,16537.5
Tomáš Svoboda,104737.00,15710.55
Lucie Procházková,140000.00,21000.0
Jiří Veselý,135000.00,20250.0
Martina Dvořáková,155000.00,23250.0
Petr Novotný,110000.00,16500.0
Jitka Černá,136000.00,20400.0
Marek Horák,140000.00,21000.0
Kateřina Kučerová,140000.00,21000.0
Jan Pospíšil,115000.00,17250.0
Monika Marešová,110250.00,16537.5
Pavel Hájek,153000.00,22950.0
Vojtěch Šimek,149000.00,22350.0
Michaela Pokorná,140000.00,21000.0
Radim Krejčí,110000.00,16500.0
Kateřina Fialová,115000.00,17250.0
Josef Urban,110250.00,16537.5
Alena Kopecká,127500.00,19125.0
František Kovář,140000.00,21000.0
Jana Vávrová,155000.00,23250.0
Petr Doležal,115000.00,17250.0
Marie Zemanová,110250.00,16537.5
Václav Konečný,100316.00,15047.4
Lucie Horáková,140000.00,21000.0
Marek Šimůnek,110250.00,16537.5
Tomáš Holub,110000.00,16500.0
Renata Marešová,160000.00,24000.0
Zdeněk Pospíchal,155000.00,23250.0
Gabriela Vaňková,126250.00,18937.5
Miroslav Kučera,140000.00,21000.0
Andrea Moravcová,115000.00,17250.0
Patrik Tichý,110000.00,16500.0
Michaela Krejčová,135000.00,20250.0
Jiří Malý,110250.00,16537.5
Eva Poláková,128250.00,19237.5
Michal Čermák,140000.00,21000.0
Martina Jelínková,140000.00,21000.0
Filip Sedlák,110000.00,16500.0
Monika Marková,110250.00,16537.5
Radek Bláha,137500.00,20625.0
Tereza Kašparová,140000.00,21000.0
Ondřej Kopecký,145000.00,21750.0
Simona Čechová,140000.00,21000.0
Lukáš Štěpánek,110250.00,16537.5
Markéta Kolářová,116000.00,17400.0
David Šťastný,110000.00,16500.0
Nikola Tomanová,140000.00,21000.0
Richard Svoboda,115000.00,17250.0
Denisa Benešová,110250.00,16537.5
Adam Bartoš,149000.00,22350.0
Barbora Růžičková,140000.00,21000.0
Karel Kolář,110000.00,16500.0
Klára Vlčková,115000.00,17250.0
Lubomír Soukup,110250.00,16537.5
Vendula Králová,127500.00,19125.0
Tomáš Kratochvíl,140000.00,21000.0
Lucie Sedláčková,155000.00,23250.0
Jiří Šimek,115000.00,17250.0
Martina Pokorná,110250.00,16537.5
Petr Krejčí,100316.00,15047.4
Jitka Fialová,140000.00,21000.0
Marek Urban,110000.00,16500.0
Kateřina Kopecká,135000.00,20250.0
Jan Kovář,110250.00,16537.5
Monika Vávrová,128250.00,19237.5
Pavel Doležal,140000.00,21000.0
Eva Zemanová,140000.00,21000.0
Jakub Konečný,115000.00,17250.0
Romana Horáková,110000.00,16500.0
Lukáš Bureš,115000.00,17250.0
Jana Králová,110000.00,16500.0
Pavel Šimůnek,150000.00,22500.0
Kateřina Marešová,140000.00,21000.0
Martin Pospíchal,110250.00,16537.5
Lenka Vaňková,160000.00,24000.0
Jakub Kučera,155000.00,23250.0
Petra Moravcová,126250.00,18937.5
David Tichý,140000.00,21000.0
Veronika Němcová,115000.00,17250.0
Michal Holub,150000.00,22500.0
Zuzana Krejčová,140000.00,21000.0
Alena Vaňková,140000.00,21000.0
František Kučera,145000.00,21750.0
Jana Moravcová,140000.00,21000.0
Petr Tichý,110250.00,16537.5
Marie Němcová,116000.00,17400.0
Jana Tomanová,136000.00,20400.0
Pavel Svoboda,140000.00,21000.0
Kateřina Procházková,140000.00,21000.0
Martin Veselý,115000.00,17250.0
Lenka Dvořáková,110250.00,16537.5
Jakub Novotný,153000.00,22950.0
Petra Černá,110000.00,16500.0
David Horák,110250.00,16537.5
Veronika Kučerová,160000.00,24000.0
Filip Pospíšil,155000.00,23250.0
Monika Marešová,127000.00,19050.0
Radek Hájek,140000.00,21000.0
Tereza Benešová,115000.00,17250.0
Ondřej Bartoš,110000.00,16500.0
Simona Růžičková,110250.00,16537.5
Lukáš Kolář,149000.00,22350.0
Markéta Vlčková,140000.00,21000.0
David Soukup,110000.00,16500.0
Nikola Králová,115000.00,17250.0
Richard Kratochvíl,110250.00,16537.5
Adéla Sedláčková,127500.00,19125.0
Marek Šimek,140000.00,21000.0
Renata Pokorná,155000.00,23250.0
Zdeněk Krejčí,115000.00,17250.0
Gabriela Fialová,110250.00,16537.5
Miroslav Urban,100316.00,15047.4
Andrea Kopecká,140000.00,21000.0
Patrik Kovář,110000.00,16500.0
Martin Malý,110250.00,16537.5
Kristýna Vávrová,135000.00,20250.0
Petra Poláková,160000.00,24000.0
Aleš Čermák,155000.00,23250.0
Lenka Jelínková,126250.00,18937.5
Vojtěch Bureš,140000.00,21000.0
Michaela Králová,115000.00,17250.0
Radim Šimůnek,110000.00,16500.0
Kateřina Marešová,110250.00,16537.5
Josef Pospíchal,137500.00,20625.0
Daniel Doležal,110250.00,16537.5
Denisa Zemanová,128250.00,19237.5
Jakub Sedlák,110250.00,16537.5
Romana Marková,116000.00,17400.0
Michal Bláha,110000.00,16500.0
Zuzana Kašparová,140000.00,21000.0
Martin Kopecký,115000.00,17250.0
Petra Čechová,110250.00,16537.5
Aleš Štěpánek,140000.00,21000.0
Lenka Kolářová,110000.00,16500.0
Vojtěch Šťastný,115000.00,17250.0
Michaela Tomanová,110250.00,16537.5
Radim Svoboda,155000.00,23250.0
Kateřina Procházková,129000.00,19350.0
Josef Veselý,140000.00,21000.0
Alena Dvořáková,140000.00,21000.0
František Novotný,115000.00,17250.0
Jana Černá,110000.00,16500.0
Petr Horák,110250.00,16537.5
Marie Kučerová,104737.00,15710.55
Václav Pospíšil,140000.00,21000.0
Lucie Marešová,135000.00,20250.0
Tomáš Hájek,155000.00,23250.0
Michaela Benešová,110000.00,16500.0
Jiří Bartoš,110250.00,16537.5
Eva Růžičková,128750.00,19312.5
Michal Kolář,140000.00,21000.0
Martina Vlčková,140000.00,21000.0
Lukáš Soukup,115000.00,17250.0
Jana Králová,110000.00,16500.0
Pavel Kratochvíl,110250.00,16537.5
Kateřina Sedláčková,145000.00,21750.0
Lenka Pokorná,110250.00,16537.5
Jaroslav Krejčí,160000.00,24000.0
Iveta Fialová,155000.00,23250.0
Adam Konečný,140000.00,21000.0
Barbora Horáková,140000.00,21000.0
Karel Holub,115000.00,17250.0
Klára Krejčová,110000.00,16500.0
Lubomír Malý,150000.00,22500.0
Vendula Poláková,140000.00,21000.0
Tomáš Čermák,110250.00,16537.5
Lucie Jelínková,160000.00,24000.0
Eva Němcová,140000.00,21000.0
Petr Urban,115000.00,17250.0
Veronika Kopecká,124750.00,18712.5
Dalibor Pospíchal,140000.00,21000.0
Silvie Vaňková,140000.00,21000.0
Lubomír Kučera,115000.00,17250.0
Daniela Moravcová,110000.00,16500.0
Igor Petrov,110250.00,16537.5
Natalia Ivanova,104737.00,15710.55
Sergei Smirnov,140000.00,21000.0
Olga Kuznetsova,135000.00,20250.0
Dmitri Sokolov,155000.00,23250.0
Elena Morozova,110000.00,16500.0
Andrei Volkov,110250.00,16537.5
Svetlana Orlova,128750.00,19312.5
Viktor Nikolaev,140000.00,21000.0
Tatiana Lebedeva,140000.00,21000.0
Yulia Solovyova,110000.00,16500.0
Mikhail Novikov,110250.00,16537.5
Anastasia Volkova,145000.00,21750.0
Pavel Fedorov,140000.00,21000.0
Irina Bogdanova,110250.00,16537.5
Alexei Morozov,160000.00,24000.0
Marina Romanova,155000.00,23250.0
Nikolai Stepanov,115000.00,17250.0
Ekaterina Mikhailova,124750.00,18712.5
Oleg Popov,140000.00,21000.0
Galina Vasileva,110000.00,16500.0
Roman Zaitsev,135000.00,20250.0
Ludmila Petrova,110250.00,16537.5
Valentin Golubev,155000.00,23250.0
Daria Antonova,135000.00,20250.0
Stanislav Belov,140000.00,21000.0
Polina Vinogradova,140000.00,21000.0
Yuri Gusev,115000.00,17250.0
Alexandra Kiseleva,110000.00,16500.0
Ksenia Sorokina,110000.00,16500.0
Vladislav Semyonov,115000.00,17250.0
Radek Kovář,140000.00,21000.0
Šárka Vávrová,110000.00,16500.0
Anna Pavlova,110250.00,16537.5
Miroslav Doležal,135000.00,20250.0
Svatopluk Čermák,140000.00,21000.0
Milena Jelínková,110000.00,16500.0
Oldřich Bureš,115000.00,17250.0
Blanka Králová,110250.00,16537.5
Vlastimil Šimůnek,155000.00,23250.0
Naděžda Marešová,129000.00,19350.0
Alois Dietz,115000.00,17250.0
Viktor Lazarev,140000.00,21000.0
Maria Borisova,110250.00,16537.5
Denis Fedotov,160000.00,24000.0
Nadezhda Makarova,155000.00,23250.0
Roman Kudryavtsev,115000.00,17250.0
Olga Belyaeva,124750.00,18712.5
Stepan Gusev,140000.00,21000.0
Tatyana Demidova,110000.00,16500.0
Arkady Petuhov,135000.00,20250.0
Irina Mikhailova,110250.00,16537.5
Nikolai Sobolev,155000.00,23250.0
Galina Rodionova,135000.00,20250.0
Sergei Prokhorov,140000.00,21000.0
Ekaterina Larionova,140000.00,21000.0
Dmitry Vorobyov,115000.00,17250.0
Yulia Morozova,110000.00,16500.0
Pavel Kuznetsov,110250.00,16537.5
Anna Koroleva,116000.00,17400.0
Ivan Rusakov,140000.00,21000.0
Natalia Yakovleva,155000.00,23250.0
Oleg Fedorov,115000.00,17250.0
Svetlana Kozlova,110250.00,16537.5
Kirill Tarasov,110000.00,16500.0
Ludmila Nikolaeva,104737.00,15710.55
Anatoly Smirnov,140000.00,21000.0
Elena Volkova,135000.00,20250.0
Konstantin Petrov,155000.00,23250.0
Alexandra Mikhailova,110000.00,16500.0
Vladimir Ivanov,110250.00,16537.5
Marina Romanova,136000.00,20400.0
Natasha Petrova,110250.00,16537.5
Igor Morozov,160000.00,24000.0
Valeria Bogdanova,155000.00,23250.0
Pavel Gusev,155000.00,23250.0
Anna Kiseleva,129000.00,19350.0
Dmitry Nikitin,155000.00,23250.0
Anton Zhukov,155000.00,23250.0
Nina Gorbunova,110000.00,16500.0
Alexey Denisov,110250.00,16537.5
Raisa Tikhonova,128750.00,19312.5
Timur Medvedev,140000.00,21000.0
Larisa Vasilyeva,140000.00,21000.0
Mikhail Filippov,115000.00,17250.0
Elena Osipova,110000.00,16500.0
Andrey Kalinin,110250.00,16537.5
Victoria Grigorieva,145000.00,21750.0
Nikolai Kuznetsov,140000.00,21000.0
Tatiana Sorokina,140000.00,21000.0
Alexander Semyonov,115000.00,17250.0
Polina Pavlova,110000.00,16500.0
Oleg Nikitin,110250.00,16537.5
Nina Kovaleva,104737.00,15710.55
Denis Baranov,140000.00,21000.0
Lyudmila Filatova,135000.00,20250.0
Roman Makarov,155000.00,23250.0
Vera Andreeva,110000.00,16500.0
Mikhail Melnikov,110250.00,16537.5
Elena Zakharova,128750.00,19312.5
Anton Polyakov,140000.00,21000.0
Maria Danilova,140000.00,21000.0
Andrey Zhukov,115000.00,17250.0
Ksenia Gorbunova,110000.00,16500.0
Vladimir Denisov,110250.00,16537.5
Nadezhda Tikhonova,145000.00,21750.0
Sergei Medvedev,140000.00,21000.0
Victoria Vasilyeva,110250.00,16537.5
Alexey Filippov,160000.00,24000.0
Galina Osipova,155000.00,23250.0
Dmitri Kalinin,115000.00,17250.0
Anastasia Grigorieva,124750.00,18712.5
Ivan Lazarev,140000.00,21000.0
Yulia Borisova,110000.00,16500.0
Nikolai Fedotov,135000.00,20250.0
Olga Makarova,110250.00,16537.5
Stanislav Kudryavtsev,155000.00,23250.0
Lars Nielsen,140000.00,21000.0
Astrid Olsen,155000.00,23250.0
Magnus Svensson,115000.00,17250.0
Freya Petersen,110250.00,16537.5
Stanislav Solovyov,115000.00,17250.0
Irina Fedorova,127000.00,19050.0
Dmitry Semyonov,140000.00,21000.0
Olga Pavlova,115000.00,17250.0
Maxim Vinogradov,110000.00,16500.0
Yelena Guseva,110250.00,16537.5
Viktor Golubev,140000.00,21000.0
Irina Antonova,110000.00,16500.0
Yuri Belov,115000.00,17250.0
Svetlana Vinogradova,110250.00,16537.5
Bjorn Johnsen,115000.00,17250.0
Hilda Persson,110000.00,16500.0
Fredrik Rasmussen,110250.00,16537.5
Ida Gustafsson,153000.00,22950.0
Leif Kristiansen,110000.00,16500.0
Elsa Lundin,110250.00,16537.5
Oscar Poulsen,160000.00,24000.0
Maja Bergman,155000.00,23250.0
Kasper Møller,115000.00,17250.0
Ebba Sandberg,127000.00,19050.0
Jesper Olesen,140000.00,21000.0
Frida Lund,115000.00,17250.0
Mads Thomsen,110000.00,16500.0
Lovisa Holm,110250.00,16537.5
Gustav Lindholm,140000.00,21000.0
Alma Jørgensen,110000.00,16500.0
Aksel Hansen,115000.00,17250.0
Ingeborg Berg,110250.00,16537.5
Søren Møller,155000.00,23250.0
Lykke Andersen,129000.00,19350.0
Viggo Lind,140000.00,21000.0
Agnes Jakobsen,140000.00,21000.0
Trygve Solberg,115000.00,17250.0
Emma Ekström,110000.00,16500.0
Rasmus Nielsen,110250.00,16537.5
Thea Berg,104737.00,15710.55
Oskar Dahl,140000.00,21000.0
Amanda Poulsen,135000.00,20250.0
Erik Solheim,155000.00,23250.0
Linnea Nyström,110000.00,16500.0
Jørgen Madsen,110250.00,16537.5
Freja Christensen,110250.00,16537.5
Isak Moen,160000.00,24000.0
Selma Öberg,155000.00,23250.0
Lasse Andreasen,115000.00,17250.0
Elin Bakke,124750.00,18712.5
Henrik Larsen,110000.00,16500.0
Linnea Karlsson,104737.00,15710.55
Johan Eriksson,140000.00,21000.0
Sofia Hansen,135000.00,20250.0
Anders Pedersen,155000.00,23250.0
Nora Lindberg,110000.00,16500.0
Sven Andersen,110250.00,16537.5
Klara Nilsson,136000.00,20400.0
Mikkel Christensen,140000.00,21000.0
Sigrid Gustavsson,140000.00,21000.0
Jean Dupont,110250.00,16537.5
Maria Rossi,116000.00,17400.0
Antonio García,140000.00,21000.0
Sophia Costa,155000.00,23250.0
Pierre Martin,115000.00,17250.0
Chiara Bianchi,110250.00,16537.5
Miguel Hernández,110000.00,16500.0
Ana Ferreira,104737.00,15710.55
François Dubois,140000.00,21000.0
Alessia Romano,135000.00,20250.0
Carlos Martínez,155000.00,23250.0
Inês Silva,110000.00,16500.0
Antoine Bernard,110250.00,16537.5
Elena Ferrari,136000.00,20400.0
Javier López,140000.00,21000.0
Marta Santos,140000.00,21000.0
Henri Petit,115000.00,17250.0
Lucia Ricci,110000.00,16500.0
Alejandro Rodríguez,110250.00,16537.5
Joana Oliveira,153000.00,22950.0
Luc Moreau,110000.00,16500.0
Laura Esposito,110250.00,16537.5
Eduardo Sánchez,160000.00,24000.0
Carolina Pereira,155000.00,23250.0
Pascal Leroy,115000.00,17250.0
Valentina Marino,127000.00,19050.0
Rafael Navarro,140000.00,21000.0
Nicolas Laurent,155000.00,23250.0
Giulia Mancini,129000.00,19350.0
Diego Torres,140000.00,21000.0
Margarida Pinto,140000.00,21000.0
Philippe Rousseau,115000.00,17250.0
Alessandra Russo,110000.00,16500.0
Ricardo González,110250.00,16537.5
William Sjöberg,140000.00,21000.0
Ida Pedersen,110000.00,16500.0
Tobias Helland,135000.00,20250.0
Klara Wikström,110250.00,16537.5
Anders Mortensen,155000.00,23250.0
Ingrid Hagen,135000.00,20250.0
Otto Bergström,140000.00,21000.0
Nanna Laursen,140000.00,21000.0
Johan Dahl,115000.00,17250.0
Catarina Costa,104737.00,15710.55
Patrícia Cardoso,145000.00,21750.0
Sébastien Fournier,140000.00,21000.0
Paola Santoro,110250.00,16537.5
Pablo Ortega,160000.00,24000.0
Diana Ferreira,155000.00,23250.0
Michel Blanc,115000.00,17250.0
Serena Lombardi,124750.00,18712.5
Andrés Castro,140000.00,21000.0
Teresa Mendes,110000.00,16500.0
Guillaume Brun,135000.00,20250.0
Martina Gallo,110250.00,16537.5
Roberto Jiménez,155000.00,23250.0
Cláudia Rodrigues,135000.00,20250.0
Alexandre Leroux,140000.00,21000.0
Elisa Conti,140000.00,21000.0
Gabriel Molina,115000.00,17250.0
Leonor Fonseca,110000.00,16500.0
Vincent Durand,110250.00,16537.5
Roberta Marino,116000.00,17400.0
Raúl Medina,140000.00,21000.0
Filipa Santos,155000.00,23250.0
Benoît Richard,115000.00,17250.0
Silvia Esposito,110250.00,16537.5
Enrique Gutiérrez,110000.00,16500.0
Daniela Ferrari,110000.00,16500.0
Jorge Castillo,110250.00,16537.5
Matilde Ferreira,153000.00,22950.0
Louis Martin,110000.00,16500.0
Claudia Bianchi,110250.00,16537.5
Daniel Torres,160000.00,24000.0
Andreia Silva,155000.00,23250.0
Christophe Petit,115000.00,17250.0
Alejandro Moreno,140000.00,21000.0
Maja Söderberg,110000.00,16500.0
Ricardo Machado,115000.00,17250.0
Federica Moretti,135000.00,20250.0
José Ramírez,155000.00,23250.0
Raquel Nunes,110000.00,16500.0
Julien Lambert,110250.00,16537.5
Bianca Ferrari,128750.00,19312.5
Mario Vega,140000.00,21000.0
Luísa Ribeiro,140000.00,21000.0
Thomas Bertrand,115000.00,17250.0
Simona Ricci,110000.00,16500.0
Fernando Morales,110250.00,16537.5
Céline Robert,110000.00,16500.0
Davide Marino,110250.00,16537.5
Adriana Flores,137500.00,20625.0
Duarte Gomes,140000.00,21000.0
Nathalie Mercier,145000.00,21750.0
Marco Colombo,140000.00,21000.0
Rosa Navarro,110250.00,16537.5
João Ferreira,116000.00,17400.0
Sylvie Fournier,110000.00,16500.0
Michele Ricci,140000.00,21000.0
Clara Herrera,115000.00,17250.0
Tiago Cardoso,110250.00,16537.5
Yuki Nakamura,180000.00,27000.0
Takeshi Yamamoto,90000.00,13500.0
Haruka Sato,70000.00,10500.0
Kenji Watanabe,80000.00,12000.0
Aiko Suzuki,140000.00,21000.0
Daisuke Ito,130000.00,19500.0
Emi Kobayashi,170000.00,25500.0
Hiroshi Kato,140000.00,21000.0
Miyuki Yamaguchi,140000.00,21000.0
Takahiro Saito,144000.00,21600.0
Sakura Kimura,110000.00,16500.0
Kazuki Hashimoto,110000.00,16500.0
Yumiko Inoue,110000.00,16500.0
Ryo Hayashi,160000.00,24000.0
Matěj Bureš,250000.00,37500.0
Natsumi Imai,110250.00,16537.5
Kenichi Takeda,130150.00,19522.5
Miki Okamoto,120000.00,18000.0
Toru Murata,105000.00,15750.0
Risa Sakamoto,135000.00,20250.0
Makoto Fujiwara,140000.00,21000.0
Yukiko Harada,135000.00,20250.0
Takuya Hoshino,123000.00,18450.0
Isabel Rocha,115000.00,17250.0
Antoine Dubois,110000.00,16500.0
Valeria Rizzo,110250.00,16537.5
Bruno Almeida,110000.00,16500.0
Claire Legrand,150000.00,22500.0
Giovanni Conti,140000.00,21000.0
Cristina Rodríguez,110250.00,16537.5
Pedro Nascimento,160000.00,24000.0
Amélie Laurent,155000.00,23250.0
Mai Kawamura,145000.00,21750.0
Minoru Kobayashi,109147.00,16372.05
Sayuri Nishimoto,110000.00,16500.0
Koichi Kawabata,140000.00,21000.0
Fumi Takahara,160000.00,24000.0
Taro Sakurai,140000.00,21000.0
Miyako Kurita,128947.00,19342.05
Tatsuya Nagano,115000.00,17250.0
Rui Ogihara,110250.00,16537.5
Yuriko Domoto,155000.00,23250.0
Hiroyuki Kobayashi,140000.00,21000.0
Fumiko Okada,110250.00,16537.5
Kouhei Oshiro,140000.00,21000.0
Mayumi Hanada,145000.00,21750.0
Masatoshi Kamiya,110000.00,16500.0
Miwa Sugimura,110250.00,16537.5
Tatsuya Anzai,145000.00,21750.0
Satomi Yasutake,113812.00,17071.8
Seigo Koga,140000.00,21000.0
Mitsuru Miyata,140000.00,21000.0
Yumi Oishi,160000.00,24000.0
Keita Kawamura,140000.00,21000.0
Hiroto Sakakibara,146000.00,21900.0
Manami Hirata,110250.00,16537.5
Ryusuke Tanabe,140000.00,21000.0
Natsuko Nakanishi,145000.00,21750.0
Kenichi Hatta,115000.00,17250.0
Fumiyo Nishikawa,134000.00,20100.0
Joshua Lopez,140000.00,21000.0
Melissa Lee,110250.00,16537.5
Andrew Gonzalez,150000.00,22500.0
Megan Wilson,145000.00,21750.0
Brian Moore,140000.00,21000.0
Nicole Clark,160000.00,24000.0
Mark Rodriguez,110000.00,16500.0
Rachel Lewis,110250.00,16537.5
Kelsey Ward,125000.00,18750.0
Shinobu Matsui,140000.00,21000.0
Yurika Motoyama,115000.00,17250.0
Keiichi Koizumi,110000.00,16500.0
Hitomi Hosokawa,130000.00,19500.0
Ichiro Tsukamoto,160000.00,24000.0
Tomomi Ishibashi,145000.00,21750.0
Yukihiro Morimoto,140000.00,21000.0
Naoto Matsumura,140000.00,21000.0
Kaede Ogata,145000.00,21750.0
Derek Griffin,140000.00,21000.0
Erica Hayes,110250.00,16537.5
Molly Schultz,125000.00,18750.0
Faith Stephens,160000.00,24000.0
Jay Hicks,110250.00,16537.5
Allison Crawford,135000.00,20250.0
Ricardo Ortiz,140000.00,21000.0
Kayla Valdez,110250.00,16537.5
Shane Keller,110000.00,16500.0
Bailey Wilkins,115000.00,17250.0
Meghan Marsh,149000.00,22350.0
Allan Burgess,140000.00,21000.0
Melanie Chandler,110250.00,16537.5
Zachariah Bush,160000.00,24000.0
Jenny Kent,140000.00,21000.0
Johnny Holt,101790.00,15268.5
Regina Frost,110000.00,16500.0
Jon Tate,140000.00,21000.0
Kellie McDaniel,115000.00,17250.0
Sabrina Golden,148500.00,22275.0
Clinton Johnston,140000.00,21000.0
Kristin Reid,115000.00,17250.0
Cedric Vega,110000.00,16500.0
Marie Wall,110250.00,16537.5
Dalton Case,139000.00,20850.0
Sofia English,140000.00,21000.0
Wade McKnight,110250.00,16537.5
Angelica Winters,110000.00,16500.0
Jenna Beck,110000.00,16500.0
Natalie Keith,162500.00,24375.0
Omar Owen,140000.00,21000.0
Tammy Baldwin,140000.00,21000.0
Randal Briggs,115000.00,17250.0
Kara Bean,110000.00,16500.0
Terrance O/Neill,147000.00,22050.0
Melody Key,140000.00,21000.0
Maxim Kuznetsov,140000.00,21000.0
Brad Bond,145000.00,21750.0
Nathan Morgan,140000.00,21000.0
Angela Fisher,110250.00,16537.5
Shawn Cooper,160000.00,24000.0
Chelsea Henry,135000.00,20250.0
Jared Marshall,130500.00,19575.0
Jordan Russell,110000.00,16500.0
Alec Snyder,140000.00,21000.0
Emma Krüger,128250.00,19237.5
Horst Schulze,140000.00,21000.0
Waltraud Herrmann,155000.00,23250.0
Nikol Zemanová,110250.00,16537.5
Rosemarie Pohl,110250.00,16537.5
Erwin Engel,100316.00,15047.4
Monika Rohde,140000.00,21000.0
Siegfried Wenzel,110000.00,16500.0
Anneliese Gross,135000.00,20250.0
Walter Kramer,110250.00,16537.5
Christiane Link,127000.00,19050.0
Georg Schwab,140000.00,21000.0
Margot Mayer,115000.00,17250.0
Lothar Holz,110000.00,16500.0
Edelgard Giese,110250.00,16537.5
Bernd-Dieter Martens,149000.00,22350.0
Margarete Wilhelm,140000.00,21000.0
Harald Sturm,110000.00,16500.0
Monika Kremer,115000.00,17250.0
Dieter Bach,110250.00,16537.5
Renate Baum,140000.00,21000.0
Christian Mohr,110000.00,16500.0
Lydia Dietrich,136000.00,20400.0
Martin Bräuer,140000.00,21000.0
Auguste Kunz,140000.00,21000.0
Norbert Günther,115000.00,17250.0
Ursula Horn,110250.00,16537.5
Roland Schade,153000.00,22950.0
Hannelore Kohl,110000.00,16500.0
Johann Pfeiffer,110250.00,16537.5
Helga Roth,160000.00,24000.0
Monika Pokorná,115000.00,17250.0
Ladislav Krejčí,110250.00,16537.5
Dana Fialová,127500.00,19125.0
Jaroslav Urban,140000.00,21000.0
Martina Kopecká,155000.00,23250.0
Stanislav Kovář,115000.00,17250.0
Ivana Vávrová,110250.00,16537.5
František Doležal,100316.00,15047.4
Karolína Zemanová,140000.00,21000.0
Adam Bláha,145000.00,21750.0
Eva Benešová,110000.00,16500.0
Karl-Heinz Walter,115000.00,17250.0
Christel Meier,110250.00,16537.5
Rolf Lehmann,154000.00,23100.0
Marianne Köhler,110000.00,16500.0
Herbert Maier,160000.00,24000.0
Ruth Schmid,140000.00,21000.0
Herta Hübner,127500.00,19125.0
Ernst Thiel,140000.00,21000.0
Wilma Ebert,155000.00,23250.0
Aleš Kratochvíl,110000.00,16500.0
Lenka Sedláčková,110250.00,16537.5
Adéla Procházková,110250.00,16537.5
Marek Veselý,104737.00,15710.55
Renata Dvořáková,140000.00,21000.0
Zdeněk Novotný,135000.00,20250.0
Gabriela Černá,155000.00,23250.0
Miroslav Horák,110000.00,16500.0
Andrea Kučerová,136000.00,20400.0
Patrik Pospíšil,140000.00,21000.0
Kristýna Marešová,140000.00,21000.0
Martina Králová,126250.00,18937.5
Petr Šimůnek,140000.00,21000.0
Jitka Marešová,115000.00,17250.0
Marek Pospíchal,110000.00,16500.0
Kateřina Vaňková,110250.00,16537.5
Jan Kučera,137500.00,20625.0
Monika Moravcová,140000.00,21000.0
Pavel Tichý,145000.00,21750.0
Roman Konečný,155000.00,23250.0
Simona Horáková,135000.00,20250.0
Vladimír Holub,140000.00,21000.0
Kamila Krejčová,140000.00,21000.0
Marek Malý,115000.00,17250.0
Pavla Poláková,110000.00,16500.0
Natasha Kovaleva,129000.00,19350.0
Artem Baranov,140000.00,21000.0
Vera Filatova,140000.00,21000.0
Georgi Makarov,115000.00,17250.0
Evgeniya Andreeva,110000.00,16500.0
Leonid Sokolov,140000.00,21000.0
Grigory Lebedeva,110250.00,16537.5
Tamara Stepanova,153000.00,22950.0
Alexy Volkov,110000.00,16500.0
Marina Belyaeva,135000.00,20250.0
Pavel Gusev,140000.00,21000.0
Irina Demidova,140000.00,21000.0
Vladimir Petukhov,115000.00,17250.0
Natalia Mikhailova,110000.00,16500.0
Erik Andersson,110250.00,16537.5
Ingrid Johansson,116000.00,17400.0
August Björk,140000.00,21000.0
Andrea Ricci,140000.00,21000.0
Marta Torres,115000.00,17250.0
Kristýna Němcová,110250.00,16537.5
Jakub Bartoš,110250.00,16537.5
Romana Růžičková,160000.00,24000.0
Michal Kolář,155000.00,23250.0
Zuzana Vlčková,127000.00,19050.0
Martin Soukup,140000.00,21000.0
Petra Králová,115000.00,17250.0
Boris Melnikov,110250.00,16537.5
Lyudmila Zakharova,104737.00,15710.55
Vladimir Polyakov,140000.00,21000.0
Sofia Danilova,135000.00,20250.0
Daria Orlova,140000.00,21000.0
Mikhail Kozlov,115000.00,17250.0
Inna Novikova,110000.00,16500.0
Kiyomi Abe,125000.00,18750.0
Daiki Yoshida,120000.00,18000.0
Rin Ishikawa,142000.00,21300.0
Kazuo Okada,150000.00,22500.0
Miyu Goto,110000.00,16500.0
Kenta Shimizu,120000.00,18000.0
Yuna Taniguchi,115000.00,17250.0
Shinji Kawaguchi,130000.00,19500.0
Asuka Nomura,110000.00,16500.0
Takuma Sugiyama,115000.00,17250.0
Haru Nakajima,111675.00,16751.25
Hedda Johansen,128750.00,19312.5
Felix Lundgren,140000.00,21000.0
Caroline Thomsen,140000.00,21000.0
Håkon Larsen,115000.00,17250.0
Astrid Lindqvist,110000.00,16500.0
Mikael Jensen,110250.00,16537.5
Sofie Haugen,145000.00,21750.0
Takashi Kawasaki,140000.00,21000.0
Sofia Almeida,115000.00,17250.0
Mathieu Girard,110000.00,16500.0
Francesca Conti,110250.00,16537.5
Marco Vitali,140000.00,21000.0
Isabelle Lefebvre,110000.00,16500.0
Alberto Ruiz,115000.00,17250.0
Beatriz Fernandes,110250.00,16537.5
Carla Oliveira,104737.00,15710.55
Rémi Leroux,140000.00,21000.0
Giorgia Romano,135000.00,20250.0
Héctor Vargas,155000.00,23250.0
Inês Pereira,110000.00,16500.0
Marc Dubois,110250.00,16537.5
Aurora Vitali,136000.00,20400.0
Javier Ramos,140000.00,21000.0
Sara Martins,140000.00,21000.0
Paul Bernard,115000.00,17250.0
Nanami Takahashi,145000.00,21750.0
Toshiro Mori,150000.00,22500.0
Akane Ikeda,145000.00,21750.0
Yasuhiro Matsuda,145000.00,21750.0
Hina Fujita,153000.00,22950.0
Satoshi Aoki,155000.00,23250.0
Hana Yamada,120000.00,18000.0
Jiro Sasaki,135000.00,20250.0
Misaki Miyazaki,139000.00,20850.0
Fritz Funk,135000.00,20250.0
Martin Šimek,140000.00,21000.0
Sae Takayama,110000.00,16500.0
Ashley White,127500.00,19125.0
Paula Coffey,160000.00,24000.0
Daniel Hájek,115000.00,17250.0
Václav Sedlák,110000.00,16500.0
Lucie Marková,140000.00,21000.0
Tomáš Bláha,115000.00,17250.0
Michaela Kašparová,110250.00,16537.5
Jiří Kopecký,104737.00,15710.55
Eva Čechová,140000.00,21000.0
Michal Štěpánek,135000.00,20250.0
Martina Kolářová,155000.00,23250.0
Lukáš Šťastný,110000.00,16500.0
Jiří Bureš,155000.00,23250.0
Alain Dupuis,140000.00,21000.0
Juliette Mercier,149000.00,22350.0
Luca Rossi,140000.00,21000.0
Carmen López,110000.00,16500.0
Tomás Gonçalves,115000.00,17250.0
Sophie Moreau,110250.00,16537.5
Matteo Bianchi,127500.00,19125.0
Lucía Martínez,140000.00,21000.0
Rui Costa,155000.00,23250.0
Élise Bernard,115000.00,17250.0
Lorenzo Romano,110250.00,16537.5
Natalia Díaz,100316.00,15047.4
Gonçalo Sousa,140000.00,21000.0
Émilie Rousseau,110000.00,16500.0
Dario Esposito,135000.00,20250.0
Silvia Pérez,110250.00,16537.5
Miguel Morais,128250.00,19237.5
Camille Dumont,140000.00,21000.0
